Instance,Tool
006.normal.adf,bass
009.normal.adf,bass
014.normal.adf,bass
017.normal.adf,bass
019.normal.adf,bass
025.normal.adf,bass
027.normal.adf,bass
046.normal.adf,bass
048.normal.adf,bass
051.normal.adf,bass
054.normal.adf,bass
059.normal.adf,bass
060.normal.adf,bass
066.normal.adf,bass
070.normal.adf,bass
071.normal.adf,bass
076.normal.adf,bass
077.normal.adf,bass
084.normal.adf,bass
092.normal.adf,bass
093.normal.adf,bass
094.normal.adf,bass
098.normal.adf,bass
101.normal.adf,bass
103.normal.adf,bass
105.normal.adf,bass
106.normal.adf,bass
111.normal.adf,bass
115.normal.adf,bass
117.normal.adf,bass
121.normal.adf,bass
123.normal.adf,bass
125.normal.adf,bass
126.normal.adf,bass
138.normal.adf,bass
141.normal.adf,bass
142.normal.adf,bass
146.normal.adf,bass
148.normal.adf,bass
152.normal.adf,bass
155.normal.adf,bass
156.normal.adf,bass
159.normal.adf,bass
161.normal.adf,bass
163.normal.adf,bass
167.normal.adf,bass
173.normal.adf,bass
175.normal.adf,bass
178.normal.adf,bass
179.normal.adf,bass
188.normal.adf,bass
192.normal.adf,bass
196.normal.adf,bass
197.normal.adf,bass
204.normal.adf,bass
205.normal.adf,bass
206.normal.adf,bass
207.normal.adf,bass
213.normal.adf,bass
214.normal.adf,bass
215.normal.adf,bass
216.normal.adf,bass
217.normal.adf,bass
218.normal.adf,bass
219.normal.adf,bass
224.normal.adf,bass
226.normal.adf,bass
227.normal.adf,bass
228.normal.adf,bass
229.normal.adf,bass
230.normal.adf,bass
244.normal.adf,bass
A-1-BA_40_80_5.apx.graph.normal.adf,bass
A-1-BA_60_70_3.apx.graph.normal.adf,bass
A-1-afinput_exp_acyclic_depvary_step3_batch_yyy01.apx.graph.normal.adf,bass
A-1-afinput_exp_acyclic_indvary1_step5_batch_yyy09.apx.graph.normal.adf,bass
A-1-ferry2.pfile-L2-C1-08.pddl.1.cnf.apx.graph.normal.adf,bass
B-1-BA_40_60_2.apx.graph.normal.adf,bass
B-1-afinput_exp_cycles_indvary1_step8_batch_yyy08.apx.graph.normal.adf,bass
C-1-BA_80_20_4.apx.graph.normal.adf,bass
C-1-afinput_exp_acyclic_indvary1_step1_batch_yyy08.apx.graph.normal.adf,bass
C-1-afinput_exp_cycles_indvary1_step6_batch_yyy02.apx.graph.normal.adf,bass
Small-result-b100.apx.graph.normal.adf,bass
Small-result-b106.apx.graph.normal.adf,bass
Small-result-b108.apx.graph.normal.adf,bass
Small-result-b22.apx.graph.normal.adf,bass
Small-result-b23.apx.graph.normal.adf,bass
Small-result-b5.apx.graph.normal.adf,bass
Small-result-b51.apx.graph.normal.adf,bass
Small-result-b52.apx.graph.normal.adf,bass
Small-result-b53.apx.graph.normal.adf,bass
Small-result-b54.apx.graph.normal.adf,bass
Small-result-b55.apx.graph.normal.adf,bass
Small-result-b56.apx.graph.normal.adf,bass
Small-result-b59.apx.graph.normal.adf,bass
Small-result-b60.apx.graph.normal.adf,bass
Small-result-b66.apx.graph.normal.adf,bass
Small-result-b73.apx.graph.normal.adf,bass
Small-result-b74.apx.graph.normal.adf,bass
Small-result-b75.apx.graph.normal.adf,bass
Small-result-b76.apx.graph.normal.adf,bass
Small-result-b96.apx.graph.normal.adf,bass
T-1-BA_100_10_5.apx.graph.normal.adf,bass
T-1-BA_80_30_3.apx.graph.normal.adf,bass
T-1-afinput_exp_acyclic_indvary1_step3_batch_yyy10.apx.graph.normal.adf,bass
T-1-afinput_exp_acyclic_indvary1_step5_batch_yyy10.apx.graph.normal.adf,bass
adfgen_acyc_a_02_s_02_b_02_t_02_x_02_c_sXOR_ABA2AF_afinput_exp_acyclic_depvary_step3_batch_yyy06_42_655.apx.normal.adf,bass
adfgen_acyc_a_02_s_02_b_02_t_02_x_02_c_sXOR_ABA2AF_afinput_exp_acyclic_depvary_step3_batch_yyy07_43_1168.apx.normal.adf,bass
adfgen_acyc_a_02_s_02_b_02_t_02_x_02_c_sXOR_ABA2AF_afinput_exp_acyclic_depvary_step3_batch_yyy10_57_2247.apx.normal.adf,bass
adfgen_acyc_a_02_s_02_b_02_t_02_x_02_c_sXOR_ABA2AF_afinput_exp_acyclic_depvary_step4_batch_yyy04_69_2696.apx.normal.adf,bass
adfgen_acyc_a_02_s_02_b_02_t_02_x_02_c_sXOR_ABA2AF_afinput_exp_acyclic_depvary_step4_batch_yyy08_83_4977.apx.normal.adf,bass
adfgen_acyc_a_02_s_02_b_02_t_02_x_02_c_sXOR_ABA2AF_afinput_exp_acyclic_depvary_step4_batch_yyy10_43_637.apx.normal.adf,bass
adfgen_acyc_a_02_s_02_b_02_t_02_x_02_c_sXOR_ABA2AF_afinput_exp_acyclic_depvary_step7_batch_yyy04_50_543.apx.normal.adf,bass
adfgen_acyc_a_02_s_02_b_02_t_02_x_02_c_sXOR_ABA2AF_afinput_exp_acyclic_indvary1_step1_batch_yyy07_39_661.apx.normal.adf,bass
adfgen_acyc_a_02_s_02_b_02_t_02_x_02_c_sXOR_ABA2AF_afinput_exp_acyclic_indvary1_step1_batch_yyy08_39_869.apx.normal.adf,bass
adfgen_acyc_a_02_s_02_b_02_t_02_x_02_c_sXOR_ABA2AF_afinput_exp_acyclic_indvary1_step1_batch_yyy09_81_5112.apx.normal.adf,bass
adfgen_acyc_a_02_s_02_b_02_t_02_x_02_c_sXOR_ABA2AF_afinput_exp_acyclic_indvary1_step3_batch_yyy01_77_3320.apx.normal.adf,bass
adfgen_acyc_a_02_s_02_b_02_t_02_x_02_c_sXOR_ABA2AF_afinput_exp_acyclic_indvary1_step3_batch_yyy06_74_3427.apx.normal.adf,bass
adfgen_acyc_a_02_s_02_b_02_t_02_x_02_c_sXOR_ABA2AF_afinput_exp_acyclic_indvary1_step3_batch_yyy07_32_242.apx.normal.adf,bass
adfgen_acyc_a_02_s_02_b_02_t_02_x_02_c_sXOR_ABA2AF_afinput_exp_acyclic_indvary1_step3_batch_yyy08_59_2319.apx.normal.adf,bass
adfgen_acyc_a_02_s_02_b_02_t_02_x_02_c_sXOR_ABA2AF_afinput_exp_acyclic_indvary1_step5_batch_yyy05_28_112.apx.normal.adf,bass
adfgen_acyc_a_02_s_02_b_02_t_02_x_02_c_sXOR_ABA2AF_afinput_exp_acyclic_indvary1_step6_batch_yyy08_35_52.apx.normal.adf,bass
adfgen_acyc_a_02_s_02_b_02_t_02_x_02_c_sXOR_ABA2AF_afinput_exp_acyclic_indvary1_step7_batch_yyy06_50_423.apx.normal.adf,bass
adfgen_acyc_a_02_s_02_b_02_t_02_x_02_c_sXOR_ABA2AF_afinput_exp_acyclic_indvary1_step8_batch_yyy10_37_163.apx.normal.adf,bass
adfgen_acyc_a_02_s_02_b_02_t_02_x_02_c_sXOR_ABA2AF_afinput_exp_acyclic_indvary2_step1_batch_yyy02_51_886.apx.normal.adf,bass
adfgen_acyc_a_02_s_02_b_02_t_02_x_02_c_sXOR_ABA2AF_afinput_exp_acyclic_indvary2_step1_batch_yyy09_29_309.apx.normal.adf,bass
adfgen_acyc_a_02_s_02_b_02_t_02_x_02_c_sXOR_ABA2AF_afinput_exp_acyclic_indvary3_step1_batch_yyy03_43_614.apx.normal.adf,bass
adfgen_acyc_a_02_s_02_b_02_t_02_x_02_c_sXOR_ABA2AF_afinput_exp_acyclic_indvary3_step1_batch_yyy05_38_345.apx.normal.adf,bass
adfgen_acyc_a_02_s_02_b_02_t_02_x_02_c_sXOR_ABA2AF_afinput_exp_acyclic_indvary3_step1_batch_yyy07_33_173.apx.normal.adf,bass
adfgen_acyc_a_02_s_02_b_02_t_02_x_02_c_sXOR_ABA2AF_afinput_exp_acyclic_indvary3_step2_batch_yyy02_37_293.apx.normal.adf,bass
adfgen_acyc_a_02_s_02_b_02_t_02_x_02_c_sXOR_ABA2AF_afinput_exp_acyclic_indvary3_step2_batch_yyy04_34_251.apx.normal.adf,bass
adfgen_acyc_a_02_s_02_b_02_t_02_x_02_c_sXOR_ABA2AF_afinput_exp_cycles_depvary_step2_batch_yyy02_76_5081.apx.normal.adf,bass
adfgen_acyc_a_02_s_02_b_02_t_02_x_02_c_sXOR_ABA2AF_afinput_exp_cycles_depvary_step2_batch_yyy05_35_596.apx.normal.adf,bass
adfgen_acyc_a_02_s_02_b_02_t_02_x_02_c_sXOR_ABA2AF_afinput_exp_cycles_depvary_step2_batch_yyy08_42_1081.apx.normal.adf,bass
adfgen_acyc_a_02_s_02_b_02_t_02_x_02_c_sXOR_ABA2AF_afinput_exp_cycles_depvary_step2_batch_yyy10_42_992.apx.normal.adf,bass
adfgen_acyc_a_02_s_02_b_02_t_02_x_02_c_sXOR_ABA2AF_afinput_exp_cycles_indvary1_step1_batch_yyy10_76_4339.apx.normal.adf,bass
adfgen_acyc_a_02_s_02_b_02_t_02_x_02_c_sXOR_ABA2AF_afinput_exp_cycles_indvary1_step4_batch_yyy01_67_2668.apx.normal.adf,bass
adfgen_acyc_a_02_s_02_b_02_t_02_x_02_c_sXOR_ABA2AF_afinput_exp_cycles_indvary1_step4_batch_yyy09_64_1772.apx.normal.adf,bass
adfgen_acyc_a_02_s_02_b_02_t_02_x_02_c_sXOR_ABA2AF_afinput_exp_cycles_indvary1_step5_batch_yyy01_41_338.apx.normal.adf,bass
adfgen_acyc_a_02_s_02_b_02_t_02_x_02_c_sXOR_ABA2AF_afinput_exp_cycles_indvary1_step5_batch_yyy04_61_1113.apx.normal.adf,bass
adfgen_acyc_a_02_s_02_b_02_t_02_x_02_c_sXOR_ABA2AF_afinput_exp_cycles_indvary1_step5_batch_yyy05_64_1538.apx.normal.adf,bass
adfgen_acyc_a_02_s_02_b_02_t_02_x_02_c_sXOR_ABA2AF_afinput_exp_cycles_indvary1_step5_batch_yyy08_70_2490.apx.normal.adf,bass
adfgen_acyc_a_02_s_02_b_02_t_02_x_02_c_sXOR_ABA2AF_afinput_exp_cycles_indvary1_step6_batch_yyy01_31_112.apx.normal.adf,bass
adfgen_acyc_a_02_s_02_b_02_t_02_x_02_c_sXOR_ABA2AF_afinput_exp_cycles_indvary1_step6_batch_yyy06_42_666.apx.normal.adf,bass
adfgen_acyc_a_02_s_02_b_02_t_02_x_02_c_sXOR_ABA2AF_afinput_exp_cycles_indvary1_step7_batch_yyy02_31_117.apx.normal.adf,bass
adfgen_acyc_a_02_s_02_b_02_t_02_x_02_c_sXOR_ABA2AF_afinput_exp_cycles_indvary3_step1_batch_yyy02_83_4266.apx.normal.adf,bass
adfgen_acyc_a_02_s_02_b_02_t_02_x_02_c_sXOR_ABA2AF_afinput_exp_cycles_indvary3_step1_batch_yyy08_37_258.apx.normal.adf,bass
adfgen_acyc_a_02_s_02_b_02_t_02_x_02_c_sXOR_ABA2AF_afinput_exp_cycles_indvary3_step2_batch_yyy01_59_1785.apx.normal.adf,bass
adfgen_acyc_a_02_s_02_b_02_t_02_x_02_c_sXOR_ABA2AF_afinput_exp_cycles_indvary3_step2_batch_yyy03_40_203.apx.normal.adf,bass
adfgen_acyc_a_02_s_02_b_02_t_02_x_02_c_sXOR_ABA2AF_afinput_exp_cycles_indvary3_step2_batch_yyy04_37_359.apx.normal.adf,bass
adfgen_acyc_a_02_s_02_b_02_t_02_x_02_c_sXOR_ABA2AF_afinput_exp_cycles_indvary3_step2_batch_yyy07_35_338.apx.normal.adf,bass
adfgen_acyc_a_02_s_02_b_02_t_02_x_02_c_sXOR_ABA2AF_afinput_exp_cycles_indvary3_step2_batch_yyy10_28_139.apx.normal.adf,bass
adfgen_acyc_a_02_s_02_b_02_t_02_x_02_c_sXOR_Planning2AF_ferry2.pfile-L2-C1-01.pddl.1.cnf_86_136.apx.normal.adf,bass
adfgen_acyc_a_02_s_02_b_02_t_02_x_02_c_sXOR_Planning2AF_ferry2.pfile-L2-C1-010.pddl.1.cnf_86_136.apx.normal.adf,bass
adfgen_acyc_a_02_s_02_b_02_t_02_x_02_c_sXOR_Planning2AF_ferry2.pfile-L2-C1-02.pddl.1.cnf_86_136.apx.normal.adf,bass
adfgen_acyc_a_02_s_02_b_02_t_02_x_02_c_sXOR_Planning2AF_ferry2.pfile-L2-C1-06.pddl.1.cnf_86_136.apx.normal.adf,bass
adfgen_acyc_a_02_s_02_b_02_t_02_x_02_c_sXOR_Planning2AF_ferry2.pfile-L2-C1-07.pddl.1.cnf_86_136.apx.normal.adf,bass
adfgen_acyc_a_02_s_02_b_02_t_02_x_02_c_sXOR_Planning2AF_ferry2.pfile-L2-C1-08.pddl.1.cnf_86_136.apx.normal.adf,bass
adfgen_acyc_a_02_s_02_b_02_t_02_x_02_c_sXOR_Traffic_access-allegany-transit_20130327_1518.normalized.gml.50_42_76.apx.normal.adf,bass
adfgen_acyc_a_02_s_02_b_02_t_02_x_02_c_sXOR_Traffic_anaheim-resort-transportation_20151217_1213.gml.50_81_171.apx.normal.adf,bass
adfgen_acyc_a_02_s_02_b_02_t_02_x_02_c_sXOR_Traffic_bay-area-rapid-transit_20151217_1022.gml.20_45_56.apx.normal.adf,bass
adfgen_acyc_a_02_s_02_b_02_t_02_x_02_c_sXOR_Traffic_coos-county-area-transit_20151216_1739.gml.80_65_179.apx.normal.adf,bass
adfgen_acyc_a_02_s_02_b_02_t_02_x_02_c_sXOR_Traffic_irvine-shuttle_20091229_1547.gml.20_43_59.apx.normal.adf,bass
adfgen_acyc_a_02_s_02_b_02_t_02_x_02_c_sXOR_Traffic_irvine-shuttle_20091229_1547.gml.80_43_79.apx.normal.adf,bass
adfgen_acyc_a_02_s_02_b_02_t_02_x_02_c_sXOR_Traffic_jeffco-express_20151217_0857.gml.20_77_117.apx.normal.adf,bass
adfgen_acyc_a_02_s_02_b_02_t_02_x_02_c_sXOR_Traffic_miccolis-spa_20141228_1729.gml.50_40_113.apx.normal.adf,bass
adfgen_acyc_a_02_s_02_b_02_t_02_x_02_c_sXOR_Traffic_ouibus_20151219_1959.gml.50_54_164.apx.normal.adf,bass
adfgen_acyc_a_02_s_02_b_02_t_02_x_02_c_sXOR_Traffic_rio-vista-delta-breeze_20131212_0124.gml.50_64_107.apx.normal.adf,bass
adfgen_acyc_a_02_s_02_b_02_t_02_x_02_c_sXOR_Traffic_rio-vista-delta-breeze_20131212_0124.gml.80_64_127.apx.normal.adf,bass
adfgen_acyc_a_02_s_02_b_02_t_02_x_02_c_sXOR_Traffic_san-benito-county-express_20151216_1918.gml.20_61_91.apx.normal.adf,bass
adfgen_acyc_a_02_s_02_b_02_t_02_x_02_c_sXOR_Traffic_san_francisco-BART_20160101_v1.gml.20_45_57.apx.normal.adf,bass
adfgen_acyc_a_02_s_02_b_02_t_02_x_02_c_sXOR_Traffic_sbase_20150429_2048.gml.80_98_171.apx.normal.adf,bass
adfgen_acyc_a_02_s_02_b_02_t_02_x_02_c_sXOR_Traffic_southern_california_2016-01.gml.20_56_89.apx.normal.adf,bass
adfgen_acyc_a_02_s_02_b_02_t_02_x_02_c_sXOR_Traffic_sunshine-bus-company_20151216_1645.gml.80_48_122.apx.normal.adf,bass
adfgen_acyc_a_02_s_02_b_02_t_02_x_02_c_sXOR_Traffic_temiskaming-transit_20140107_0435.gml.20_62_87.apx.normal.adf,bass
adfgen_acyc_a_02_s_02_b_02_t_02_x_02_c_sXOR_Traffic_triangle-transit-express_20150227_1736.gml.20_56_105.apx.normal.adf,bass
adfgen_acyc_a_02_s_02_b_02_t_02_x_02_c_sXOR_Traffic_triangle-transit-express_20150227_1736.gml.80_56_154.apx.normal.adf,bass
adfgen_acyc_a_02_s_02_b_02_t_02_x_02_c_sXOR_Traffic_woodburn-or-us.gml.20_52_63.apx.normal.adf,bass
adfgen_acyc_a_02_s_02_b_02_t_02_x_02_c_sXOR_Traffic_worcester-regional-transit-authority_20130618_1740.gml.50_80_181.apx.normal.adf,bass
adfgen_acyc_a_02_s_02_b_02_t_02_x_02_c_sXOR_Traffic_worcester-regional-transit-authority_20130618_1740.gml.80_80_214.apx.normal.adf,bass
adfgen_nacyc_se05_a_02_s_02_b_02_t_02_x_02_c_sXOR_ABA2AF_afinput_exp_acyclic_depvary_step3_batch_yyy06_42_655.apx.normal.adf,bass
adfgen_nacyc_se05_a_02_s_02_b_02_t_02_x_02_c_sXOR_ABA2AF_afinput_exp_acyclic_depvary_step3_batch_yyy07_43_1168.apx.normal.adf,bass
adfgen_nacyc_se05_a_02_s_02_b_02_t_02_x_02_c_sXOR_ABA2AF_afinput_exp_acyclic_depvary_step3_batch_yyy10_57_2247.apx.normal.adf,bass
adfgen_nacyc_se05_a_02_s_02_b_02_t_02_x_02_c_sXOR_ABA2AF_afinput_exp_acyclic_depvary_step4_batch_yyy10_43_637.apx.normal.adf,bass
adfgen_nacyc_se05_a_02_s_02_b_02_t_02_x_02_c_sXOR_ABA2AF_afinput_exp_acyclic_depvary_step7_batch_yyy04_50_543.apx.normal.adf,bass
adfgen_nacyc_se05_a_02_s_02_b_02_t_02_x_02_c_sXOR_ABA2AF_afinput_exp_acyclic_indvary1_step1_batch_yyy07_39_661.apx.normal.adf,bass
adfgen_nacyc_se05_a_02_s_02_b_02_t_02_x_02_c_sXOR_ABA2AF_afinput_exp_acyclic_indvary1_step1_batch_yyy08_39_869.apx.normal.adf,bass
adfgen_nacyc_se05_a_02_s_02_b_02_t_02_x_02_c_sXOR_ABA2AF_afinput_exp_acyclic_indvary1_step4_batch_yyy07_32_270.apx.normal.adf,bass
adfgen_nacyc_se05_a_02_s_02_b_02_t_02_x_02_c_sXOR_ABA2AF_afinput_exp_acyclic_indvary1_step5_batch_yyy05_28_112.apx.normal.adf,bass
adfgen_nacyc_se05_a_02_s_02_b_02_t_02_x_02_c_sXOR_ABA2AF_afinput_exp_acyclic_indvary1_step7_batch_yyy06_50_423.apx.normal.adf,bass
adfgen_nacyc_se05_a_02_s_02_b_02_t_02_x_02_c_sXOR_ABA2AF_afinput_exp_acyclic_indvary1_step8_batch_yyy10_37_163.apx.normal.adf,bass
adfgen_nacyc_se05_a_02_s_02_b_02_t_02_x_02_c_sXOR_ABA2AF_afinput_exp_acyclic_indvary2_step1_batch_yyy02_51_886.apx.normal.adf,bass
adfgen_nacyc_se05_a_02_s_02_b_02_t_02_x_02_c_sXOR_ABA2AF_afinput_exp_acyclic_indvary3_step1_batch_yyy03_43_614.apx.normal.adf,bass
adfgen_nacyc_se05_a_02_s_02_b_02_t_02_x_02_c_sXOR_ABA2AF_afinput_exp_acyclic_indvary3_step2_batch_yyy04_34_251.apx.normal.adf,bass
adfgen_nacyc_se05_a_02_s_02_b_02_t_02_x_02_c_sXOR_ABA2AF_afinput_exp_cycles_depvary_step2_batch_yyy05_35_596.apx.normal.adf,bass
adfgen_nacyc_se05_a_02_s_02_b_02_t_02_x_02_c_sXOR_ABA2AF_afinput_exp_cycles_depvary_step2_batch_yyy10_42_992.apx.normal.adf,bass
adfgen_nacyc_se05_a_02_s_02_b_02_t_02_x_02_c_sXOR_ABA2AF_afinput_exp_cycles_indvary1_step4_batch_yyy09_64_1772.apx.normal.adf,bass
adfgen_nacyc_se05_a_02_s_02_b_02_t_02_x_02_c_sXOR_ABA2AF_afinput_exp_cycles_indvary1_step5_batch_yyy04_61_1113.apx.normal.adf,bass
adfgen_nacyc_se05_a_02_s_02_b_02_t_02_x_02_c_sXOR_ABA2AF_afinput_exp_cycles_indvary1_step5_batch_yyy05_64_1538.apx.normal.adf,bass
adfgen_nacyc_se05_a_02_s_02_b_02_t_02_x_02_c_sXOR_ABA2AF_afinput_exp_cycles_indvary1_step5_batch_yyy08_70_2490.apx.normal.adf,bass
adfgen_nacyc_se05_a_02_s_02_b_02_t_02_x_02_c_sXOR_ABA2AF_afinput_exp_cycles_indvary1_step6_batch_yyy06_42_666.apx.normal.adf,bass
adfgen_nacyc_se05_a_02_s_02_b_02_t_02_x_02_c_sXOR_ABA2AF_afinput_exp_cycles_indvary1_step8_batch_yyy03_37_126.apx.normal.adf,bass
adfgen_nacyc_se05_a_02_s_02_b_02_t_02_x_02_c_sXOR_ABA2AF_afinput_exp_cycles_indvary3_step1_batch_yyy08_37_258.apx.normal.adf,bass
adfgen_nacyc_se05_a_02_s_02_b_02_t_02_x_02_c_sXOR_ABA2AF_afinput_exp_cycles_indvary3_step2_batch_yyy01_59_1785.apx.normal.adf,bass
adfgen_nacyc_se05_a_02_s_02_b_02_t_02_x_02_c_sXOR_ABA2AF_afinput_exp_cycles_indvary3_step2_batch_yyy04_37_359.apx.normal.adf,bass
adfgen_nacyc_se05_a_02_s_02_b_02_t_02_x_02_c_sXOR_Planning2AF_ferry2.pfile-L2-C1-010.pddl.1.cnf_86_136.apx.normal.adf,bass
adfgen_nacyc_se05_a_02_s_02_b_02_t_02_x_02_c_sXOR_Planning2AF_ferry2.pfile-L2-C1-02.pddl.1.cnf_86_136.apx.normal.adf,bass
adfgen_nacyc_se05_a_02_s_02_b_02_t_02_x_02_c_sXOR_Planning2AF_ferry2.pfile-L2-C1-06.pddl.1.cnf_86_136.apx.normal.adf,bass
adfgen_nacyc_se05_a_02_s_02_b_02_t_02_x_02_c_sXOR_Planning2AF_ferry2.pfile-L2-C1-07.pddl.1.cnf_86_136.apx.normal.adf,bass
adfgen_nacyc_se05_a_02_s_02_b_02_t_02_x_02_c_sXOR_Planning2AF_ferry2.pfile-L2-C1-08.pddl.1.cnf_86_136.apx.normal.adf,bass
adfgen_nacyc_se05_a_02_s_02_b_02_t_02_x_02_c_sXOR_Traffic_anaheim-resort-transportation_20151217_1213.gml.50_81_171.apx.normal.adf,bass
adfgen_nacyc_se05_a_02_s_02_b_02_t_02_x_02_c_sXOR_Traffic_cecil-transit_20151202_2004.gml.50_105_214.apx.normal.adf,bass
adfgen_nacyc_se05_a_02_s_02_b_02_t_02_x_02_c_sXOR_Traffic_citygo_20090102_2309.gml.80_101_198.apx.normal.adf,bass
adfgen_nacyc_se05_a_02_s_02_b_02_t_02_x_02_c_sXOR_Traffic_coos-county-area-transit_20151216_1739.gml.80_65_179.apx.normal.adf,bass
adfgen_nacyc_se05_a_02_s_02_b_02_t_02_x_02_c_sXOR_Traffic_corvallis2albany-or-us.gml.50_104_198.apx.normal.adf,bass
adfgen_nacyc_se05_a_02_s_02_b_02_t_02_x_02_c_sXOR_Traffic_jeffco-express_20151217_0857.gml.20_77_117.apx.normal.adf,bass
adfgen_nacyc_se05_a_02_s_02_b_02_t_02_x_02_c_sXOR_Traffic_joco_20140604_1619.gml.50_127_280.apx.normal.adf,bass
adfgen_nacyc_se05_a_02_s_02_b_02_t_02_x_02_c_sXOR_Traffic_miccolis-spa_20141228_1729.gml.50_40_113.apx.normal.adf,bass
adfgen_nacyc_se05_a_02_s_02_b_02_t_02_x_02_c_sXOR_Traffic_ouibus_20151219_1959.gml.50_54_164.apx.normal.adf,bass
adfgen_nacyc_se05_a_02_s_02_b_02_t_02_x_02_c_sXOR_Traffic_razorback-transit_20090814_1752.gml.50_92_188.apx.normal.adf,bass
adfgen_nacyc_se05_a_02_s_02_b_02_t_02_x_02_c_sXOR_Traffic_rio-vista-delta-breeze_20131212_0124.gml.50_64_107.apx.normal.adf,bass
adfgen_nacyc_se05_a_02_s_02_b_02_t_02_x_02_c_sXOR_Traffic_san-benito-county-express_20151216_1918.gml.20_61_91.apx.normal.adf,bass
adfgen_nacyc_se05_a_02_s_02_b_02_t_02_x_02_c_sXOR_Traffic_san_francisco-BART_20160101_v1.gml.20_45_57.apx.normal.adf,bass
adfgen_nacyc_se05_a_02_s_02_b_02_t_02_x_02_c_sXOR_Traffic_sbase_20150429_2048.gml.80_98_171.apx.normal.adf,bass
adfgen_nacyc_se05_a_02_s_02_b_02_t_02_x_02_c_sXOR_Traffic_southern_california_2016-01.gml.20_56_89.apx.normal.adf,bass
adfgen_nacyc_se05_a_02_s_02_b_02_t_02_x_02_c_sXOR_Traffic_temiskaming-transit_20140107_0435.gml.20_62_87.apx.normal.adf,bass
adfgen_nacyc_se05_a_02_s_02_b_02_t_02_x_02_c_sXOR_Traffic_triangle-transit-express_20150227_1736.gml.80_56_154.apx.normal.adf,bass
adfgen_nacyc_se05_a_02_s_02_b_02_t_02_x_02_c_sXOR_Traffic_worcester-regional-transit-authority_20130618_1740.gml.50_80_181.apx.normal.adf,bass
adfgen_nacyc_se05_a_02_s_02_b_02_t_02_x_02_c_sXOR_Traffic_worcester-regional-transit-authority_20130618_1740.gml.80_80_214.apx.normal.adf,bass
comma2014-70-01.normal.adf,bass
comma2014-70-02.normal.adf,bass
comma2014-70-03.normal.adf,bass
comma2014-70-04.normal.adf,bass
comma2014-70-05.normal.adf,bass
comma2014-70-06.normal.adf,bass
comma2014-70-07.normal.adf,bass
comma2014-70-08.normal.adf,bass
comma2014-70-09.normal.adf,bass
comma2014-70-10.normal.adf,bass
comma2014-70-11.normal.adf,bass
comma2014-70-12.normal.adf,bass
comma2014-70-13.normal.adf,bass
comma2014-70-14.normal.adf,bass
comma2014-70-15.normal.adf,bass
comma2014-70-16.normal.adf,bass
comma2014-70-17.normal.adf,bass
comma2014-70-18.normal.adf,bass
comma2014-70-19.normal.adf,bass
comma2014-70-20.normal.adf,bass
comma2014-70-21.normal.adf,bass
comma2014-70-22.normal.adf,bass
comma2014-70-23.normal.adf,bass
comma2014-70-24.normal.adf,bass
comma2014-70-25.normal.adf,bass
comma2014-70-26.normal.adf,bass
comma2014-70-27.normal.adf,bass
comma2014-70-28.normal.adf,bass
comma2014-70-29.normal.adf,bass
comma2014-70-30.normal.adf,bass
comma2014-70-31.normal.adf,bass
comma2014-70-32.normal.adf,bass
comma2014-70-33.normal.adf,bass
comma2014-70-34.normal.adf,bass
comma2014-70-35.normal.adf,bass
comma2014-70-36.normal.adf,bass
comma2014-70-37.normal.adf,bass
comma2014-70-38.normal.adf,bass
comma2014-70-39.normal.adf,bass
comma2014-70-40.normal.adf,bass
comma2014-80-01.normal.adf,bass
comma2014-80-02.normal.adf,bass
comma2014-80-03.normal.adf,bass
comma2014-80-04.normal.adf,bass
comma2014-80-05.normal.adf,bass
comma2014-80-06.normal.adf,bass
comma2014-80-07.normal.adf,bass
comma2014-80-08.normal.adf,bass
comma2014-80-09.normal.adf,bass
comma2014-80-10.normal.adf,bass
comma2014-80-11.normal.adf,bass
comma2014-80-12.normal.adf,bass
comma2014-80-13.normal.adf,bass
comma2014-80-14.normal.adf,bass
comma2014-80-15.normal.adf,bass
comma2014-80-16.normal.adf,bass
comma2014-80-17.normal.adf,bass
comma2014-80-18.normal.adf,bass
comma2014-80-19.normal.adf,bass
comma2014-80-20.normal.adf,bass
comma2014-80-21.normal.adf,bass
comma2014-80-22.normal.adf,bass
comma2014-80-23.normal.adf,bass
comma2014-80-24.normal.adf,bass
comma2014-80-25.normal.adf,bass
comma2014-80-26.normal.adf,bass
comma2014-80-27.normal.adf,bass
comma2014-80-28.normal.adf,bass
comma2014-80-29.normal.adf,bass
comma2014-80-30.normal.adf,bass
comma2014-80-31.normal.adf,bass
comma2014-80-32.normal.adf,bass
comma2014-80-33.normal.adf,bass
comma2014-80-34.normal.adf,bass
comma2014-80-35.normal.adf,bass
comma2014-80-36.normal.adf,bass
comma2014-80-37.normal.adf,bass
comma2014-80-38.normal.adf,bass
comma2014-80-39.normal.adf,bass
comma2014-80-40.normal.adf,bass
metro_beijing-01.normal.adf,bass
metro_beijing-02.normal.adf,bass
metro_beijing-03.normal.adf,bass
metro_beijing-04.normal.adf,bass
metro_beijing-05.normal.adf,bass
metro_munich-01.normal.adf,bass
metro_munich-02.normal.adf,bass
metro_munich-03.normal.adf,bass
metro_munich-04.normal.adf,bass
metro_munich-05.normal.adf,bass
metro_shanghai-01.normal.adf,bass
metro_shanghai-02.normal.adf,bass
metro_shanghai-03.normal.adf,bass
metro_shanghai-04.normal.adf,bass
metro_shanghai-05.normal.adf,bass
metro_singapore-01.normal.adf,bass
metro_singapore-02.normal.adf,bass
metro_singapore-03.normal.adf,bass
metro_singapore-04.normal.adf,bass
metro_tram_vienna-01.normal.adf,bass
metro_tram_vienna-02.normal.adf,bass
metro_tram_vienna-03.normal.adf,bass
metro_tram_vienna-04.normal.adf,bass
metro_tram_vienna-05.normal.adf,bass
metro_vienna-01.normal.adf,bass
metro_vienna-02.normal.adf,bass
metro_vienna-03.normal.adf,bass
metro_vienna-04.normal.adf,bass
metro_vienna-05.normal.adf,bass
